date,indpro,indpro_ld,cpi,cpi_ld,wu_xia,ebp
8/1/1998,86.0816,,163.4,,,
9/1/1998,86.0023,-0.000921644,163.5,0.000611808,4.847670917,0.11
10/1/1998,86.591,0.006821844,163.9,0.002443495,4.733588585,0.23
11/1/1998,86.5115,-0.000918531,164.1,0.001219512,4.735287441,0.21
12/1/1998,86.8615,0.004037543,164.4,0.001826485,4.693058144,0.07
1/1/1999,87.2205,0.004124499,164.7,0.001823155,4.758663892,0.06
2/1/1999,87.726,0.005778926,164.7,0,4.846954577,-0.15
3/1/1999,87.9125,0.002123681,164.8,0.00060698,4.729021026,-0.15
4/1/1999,88.1082,0.002223603,165.9,0.00665258,4.74413017,-0.19
5/1/1999,88.6483,0.006111251,166,0.000602591,4.741674085,-0.18
6/1/1999,88.5903,-0.000654485,166,0,4.926389087,-0.12
7/1/1999,89.1098,0.005846946,166.7,0.004208001,4.934898554,-0.07
8/1/1999,89.5007,0.004377129,167.1,0.002396646,5.185065368,-0.01
9/1/1999,89.1304,-0.004145981,167.8,0.004180358,5.172663769,0.12
10/1/1999,90.2709,0.012714683,168.1,0.001786246,5.314920684,0.134393187
11/1/1999,90.7528,0.005324177,168.4,0.001783061,5.589182061,0.1
12/1/1999,91.4784,0.007963552,168.8,0.00237248,5.826367953,-0.13
1/1/2000,91.4092,-0.000756749,169.3,0.002957707,5.851752036,0.06
2/1/2000,91.7245,0.003443389,170,0.004126148,5.849661457,0.15
3/1/2000,92.083,0.003900825,171,0.005865119,6.063026298,0.41
4/1/2000,92.6659,0.006310207,170.9,-0.000584966,6.162800907,0.57
5/1/2000,92.9347,0.002896544,171.2,0.001753874,6.623019905,0.75
6/1/2000,93.0018,0.000721752,172.2,0.005824128,6.460700694,0.79
7/1/2000,92.8373,-0.001770349,172.7,0.002899393,6.40821255,0.87
8/1/2000,92.591,-0.002656554,172.7,0,6.389244609,1.02
9/1/2000,92.9827,0.00422151,173.6,0.005197817,6.520552315,1.13
10/1/2000,92.64,-0.003692441,173.9,0.001726619,6.646752099,1.52
11/1/2000,92.6604,0.000220183,174.2,0.001723643,6.43569011,1.6
12/1/2000,92.3457,-0.003402053,174.6,0.002293579,5.988954305,1.6
1/1/2001,91.8908,-0.004938228,175.6,0.005711038,5.042857607,1.14
2/1/2001,91.2851,-0.00661334,176,0.002275314,4.761966604,1.17
3/1/2001,91.0585,-0.002485419,176.1,0.00056802,4.295160606,1.1
4/1/2001,90.7384,-0.003521516,176.4,0.001702128,3.828809841,0.92
5/1/2001,90.2607,-0.005278492,177.3,0.00508907,3.227612753,0.78
6/1/2001,89.7811,-0.005327664,177.7,0.002253522,3.272158314,1.02
7/1/2001,89.2352,-0.006098905,177.4,-0.001689665,3.045688102,0.79
8/1/2001,89.157,-0.00087672,177.4,0,2.832883985,0.76
9/1/2001,88.6749,-0.005421988,178.1,0.00393812,2.172959627,1.23
10/1/2001,88.4051,-0.003047213,177.6,-0.00281136,1.574752388,1.05
11/1/2001,87.886,-0.00588914,177.5,-0.000563222,1.133218821,-0.06
12/1/2001,87.8518,-0.000389216,177.4,-0.000563539,0.674666983,0.42
1/1/2002,88.4634,0.006937603,177.7,0.001689665,0.953370119,0.58
2/1/2002,88.4578,-6.3305E-05,178,0.001686815,0.967124991,0.79
3/1/2002,89.1265,0.007531107,178.5,0.002805051,1.397097004,0.3
4/1/2002,89.5507,0.004748236,179.3,0.004471779,0.932365917,0.42
5/1/2002,89.9348,0.004280018,179.5,0.001114827,1.121632831,0.52
6/1/2002,90.6736,0.008181282,179.6,0.000556948,1.02043058,0.97
7/1/2002,90.6436,-0.000330912,180,0.002224695,1.146547181,1.59
8/1/2002,90.5505,-0.001027627,180.5,0.002773927,1.429802234,1.49
9/1/2002,90.6373,0.000958122,180.8,0.00166067,1.585054164,1.67
10/1/2002,90.3988,-0.002634835,181.2,0.002209946,1.443558185,1.48
11/1/2002,90.8947,0.005470701,181.5,0.00165426,1.143420559,1.06
12/1/2002,90.3906,-0.005561414,181.8,0.001651528,1.124579305,0.91
1/1/2003,91.1369,0.008222492,182.6,0.004390786,1.016596003,0.86
2/1/2003,91.2505,0.0012457,183.6,0.00546151,1.155716796,0.66
3/1/2003,91.0006,-0.002742372,183.9,0.001632653,1.058940857,0.15
4/1/2003,90.4311,-0.006277865,183.2,-0.003813679,1.012946033,0.05
5/1/2003,90.4,-0.000343967,182.9,-0.001638897,1.27863508,-0.47
6/1/2003,90.5196,0.001322134,183.1,0.001092896,1.100385919,-0.38
7/1/2003,90.9869,0.005149138,183.7,0.003271541,0.937336726,-1.04
8/1/2003,90.7933,-0.002130046,184.5,0.004345471,0.735197156,-0.2
9/1/2003,91.3819,0.006461934,185.1,0.003246756,0.855586469,-0.54
10/1/2003,91.5049,0.001345095,184.9,-0.001081081,0.83359613,-0.53
11/1/2003,92.1265,0.00677011,185,0.000540687,0.874236414,-0.55
12/1/2003,92.1732,0.000506783,185.5,0.002699057,0.740095505,-0.52
1/1/2004,92.3268,0.001665041,186.3,0.004303396,0.752991181,-0.71
2/1/2004,92.8995,0.006183807,186.7,0.002144773,0.746520514,-0.35
3/1/2004,92.5368,-0.00391186,187.1,0.002140183,0.907943658,-0.53
4/1/2004,92.8957,0.003870955,187.4,0.001602137,0.869264847,-0.76
5/1/2004,93.5845,0.007387413,188.2,0.004259857,1.067755461,-0.38
6/1/2004,92.8651,-0.007716869,188.9,0.003712547,1.324804051,-0.39
7/1/2004,93.5502,0.007350288,189.1,0.001058201,1.438309423,-0.33
8/1/2004,93.6301,0.000853722,189.2,0.000528681,1.626595493,-0.43
9/1/2004,93.7353,0.00112294,189.8,0.00316623,1.926455934,-0.55
10/1/2004,94.5695,0.008860161,190.8,0.005254873,2.080822269,-0.54
11/1/2004,94.8015,0.002450218,191.7,0.004705891,2.353133805,-0.68
12/1/2004,95.5415,0.007775476,191.7,0,2.534879939,-0.72
1/1/2005,95.8785,0.003521057,191.6,-0.000521785,2.678211706,-0.71
2/1/2005,96.5709,0.007195689,192.4,0.004166673,2.839358161,-0.93
3/1/2005,96.4345,-0.001413432,193.1,0.003631651,2.963444046,-0.64
4/1/2005,96.6347,0.002073869,193.7,0.003102381,3.076763411,-0.39
5/1/2005,96.7251,0.000935044,193.6,-0.000516396,3.145371872,-0.31
6/1/2005,97.1483,0.004365743,193.7,0.000516396,3.317394599,-0.45
7/1/2005,96.8397,-0.003181643,194.9,0.006176036,3.576478216,-0.56
8/1/2005,97.1584,0.003285602,196.1,0.006138127,3.63162502,-0.55
9/1/2005,95.2764,-0.019560495,198.8,0.013674561,4.137866949,-0.47
10/1/2005,96.4411,0.012150318,199.1,0.001507917,4.200079006,-0.35
11/1/2005,97.5016,0.010936329,198.1,-0.005035257,4.325790536,-0.32
12/1/2005,97.9723,0.004815998,198.1,0,4.362988749,-0.29
1/1/2006,98.127,0.001577772,199.3,0.006039274,4.534623804,-0.36
2/1/2006,98.1687,0.000424869,199.4,0.00050163,4.604232859,-0.32
3/1/2006,98.3913,0.002264958,199.7,0.001503383,4.765900614,-0.41
4/1/2006,98.6826,0.002956254,200.7,0.004995015,4.912221779,-0.45
5/1/2006,98.7074,0.000251279,201.3,0.002985077,5.065070746,-0.35
6/1/2006,99.0398,0.003361871,201.8,0.002480775,5.262575237,-0.36
7/1/2006,98.9751,-0.000653486,202.9,0.005436139,5.225841574,-0.26
8/1/2006,99.4047,0.004331093,203.8,0.004425874,5.203603073,-0.29
9/1/2006,99.2246,-0.001813429,202.8,-0.004918849,5.154019195,-0.35
10/1/2006,99.1229,-0.001025473,201.9,-0.004447746,5.1526349,-0.38
11/1/2006,99.0963,-0.00026839,202,0.000495172,5.128251804,-0.35
12/1/2006,100.1125,0.010202449,203.1,0.005430771,5.168082651,-0.48
1/1/2007,99.7546,-0.003581384,203.437,0.001657906,5.142853094,-0.54
2/1/2007,100.7166,0.009597462,204.226,0.003870849,5.133778464,-0.54
3/1/2007,100.8952,0.001771722,205.288,0.005186647,5.175418572,-0.35
4/1/2007,101.5723,0.006688506,205.904,0.002996169,5.218030892,-0.36
5/1/2007,101.6269,0.000537404,206.755,0.004124477,5.101846207,-0.57
6/1/2007,101.6547,0.000273512,207.234,0.002314072,5.006769964,-0.36
7/1/2007,101.4953,-0.001569284,207.603,0.001779012,5.020658647,0.04
8/1/2007,101.6943,0.001958762,207.667,0.000308233,4.637870944,0.15
9/1/2007,101.9428,0.002440617,208.547,0.0042286,4.291435514,0.08
10/1/2007,101.6446,-0.002929456,209.19,0.003078494,4.292607374,0
11/1/2007,102.2167,0.005612654,210.834,0.007828164,3.687703349,0.35
12/1/2007,102.2764,0.000583883,211.445,0.002893823,3.698654342,0.5
1/1/2008,102.1493,-0.001243484,212.174,0.003441775,2.655856103,0.72
2/1/2008,101.7756,-0.003665079,212.687,0.002414909,2.13786591,0.93
3/1/2008,101.4508,-0.003196438,213.448,0.003571642,1.874528626,1.16
4/1/2008,100.7554,-0.006878154,213.942,0.002311707,1.812423398,0.68
5/1/2008,100.1336,-0.006190503,215.208,0.005900052,1.95643709,0.68
6/1/2008,99.8728,-0.002607918,217.463,0.010423719,2.054012074,0.82
7/1/2008,99.4194,-0.004550111,219.016,0.007116065,2.052309765,1.08
8/1/2008,97.8491,-0.01592077,218.69,-0.001489585,2.126082808,1.22
9/1/2008,93.5576,-0.044849207,218.877,0.000854726,1.911304262,1.79
10/1/2008,94.4985,0.010006672,216.995,-0.008635616,1.83924343,3.46
11/1/2008,93.2617,-0.013174442,213.153,-0.017864094,1.41995424,3.25
12/1/2008,90.6266,-0.028661752,211.398,-0.008267605,0.649730964,3.41
1/1/2009,88.3712,-0.025201643,211.933,0.002527574,0.611179098,2.84
2/1/2009,87.843,-0.005994995,212.705,0.003636042,0.876102516,3.19
3/1/2009,86.4689,-0.015766318,212.495,-0.000987771,0.750245201,2.78
4/1/2009,85.7903,-0.007878865,212.709,0.001006576,0.4266285,2.26
5/1/2009,84.9436,-0.00991844,213.022,0.001470412,0.206639054,1.38
6/1/2009,84.6746,-0.003171832,214.79,0.00826536,0.021533679,0.94
7/1/2009,85.6853,0.011865608,214.726,-0.00029801,-0.117377576,0.33
8/1/2009,86.6393,0.011072241,215.445,0.00334286,-0.282742694,0.07
9/1/2009,87.3821,0.008536933,215.861,0.001929025,-0.406046108,0.06
10/1/2009,87.5809,0.002272481,216.509,0.002997435,-0.474629614,-0.14
11/1/2009,87.9388,0.00407818,217.234,0.003342997,-0.610396798,-0.01
12/1/2009,88.2404,0.00342379,217.347,0.000520041,-0.153977592,-0.47
1/1/2010,89.1897,0.010700654,217.488,0.000648522,-0.447700339,-0.2
2/1/2010,89.5046,0.003524459,217.281,-0.00095223,-0.54468785,-0.01
3/1/2010,90.1356,0.007025183,217.353,0.000331313,-0.476349444,-0.16
4/1/2010,90.4607,0.003600299,217.403,0.000230014,-0.466496,-0.27
5/1/2010,91.7014,0.013622144,217.29,-0.000519907,-0.482831831,-0.12
6/1/2010,91.9033,0.002199291,217.199,-0.000418883,-0.542088201,0.05
7/1/2010,92.2549,0.003818461,217.605,0.001867509,-0.589675191,0.17
8/1/2010,92.5936,0.003664627,217.923,0.001460297,-0.698543958,-0.26
9/1/2010,92.8533,0.002800804,218.275,0.001613946,-0.795698812,0
10/1/2010,92.6033,-0.00269605,219.035,0.003475799,-0.995158009,0
11/1/2010,92.6686,0.00070491,219.59,0.002530637,-0.956014091,-0.12
12/1/2010,93.5916,0.009910948,220.472,0.004008531,-0.884818562,-0.39
1/1/2011,93.3889,-0.002168141,221.187,0.003237795,-1.011230476,-0.02
2/1/2011,93.0045,-0.004124615,221.898,0.003209319,-1.091306473,-0.26
3/1/2011,93.9684,0.010310676,223.046,0.005160211,-0.991459607,-0.3
4/1/2011,93.6571,-0.003318315,224.093,0.004683116,-1.066277564,-0.26
5/1/2011,93.7723,0.001229263,224.806,0.003176664,-1.14043546,-0.13
6/1/2011,94.0493,0.00294961,224.806,0,-1.121865999,-0.01
7/1/2011,94.4958,0.004736276,225.395,0.002616611,-1.192269731,-0.05
8/1/2011,95.0974,0.00634624,226.106,0.003149497,-1.377129802,-0.08
9/1/2011,95.0244,-0.000767929,226.597,0.002169193,-1.402458124,0.46
10/1/2011,95.6891,0.006970694,226.75,0.00067498,-1.43724789,-0.06
11/1/2011,95.6778,-0.000118098,227.169,0.001846145,-1.483538621,0.51
12/1/2011,96.1809,0.005244497,227.223,0.00023768,-1.466437995,0.3
1/1/2012,96.7595,0.005997725,227.842,0.002720492,-1.539785962,0.2
2/1/2012,97.0662,0.003164702,228.329,0.002135165,-1.451687169,0.07
3/1/2012,96.5609,-0.005219323,228.807,0.002091282,-1.266089579,-0.32
4/1/2012,97.251,0.007121368,229.187,0.001659411,-1.262019666,-0.14
5/1/2012,97.4595,0.002141642,228.713,-0.002070322,-1.237225286,-0.05
6/1/2012,97.4768,0.000177494,228.524,-0.000826705,-1.111066935,0.18
7/1/2012,97.6714,0.001994382,228.59,0.000288768,-1.178774127,0.01
8/1/2012,97.2734,-0.004083213,229.918,0.005792718,-1.258669075,-0.18
9/1/2012,97.2217,-0.000531633,231.015,0.00475992,-1.360464257,-0.13
10/1/2012,97.5311,0.003177364,231.638,0.002693165,-1.338975141,-0.17
11/1/2012,97.9084,0.003861046,231.249,-0.001680756,-1.422846345,-0.04
12/1/2012,98.1884,0.002855734,231.221,-0.000121089,-1.429900801,-0.15
1/1/2013,98.1736,-0.000150742,231.679,0.00197883,-1.357628472,-0.09
2/1/2013,98.6434,0.004773987,232.937,0.005415238,-1.422478556,-0.02
3/1/2013,99.047,0.004083158,232.282,-0.00281588,-1.440589326,-0.09
4/1/2013,98.9445,-0.001035398,231.797,-0.002090162,-1.523675285,-0.11
5/1/2013,99.0383,0.000947557,231.893,0.00041407,-1.269020085,-0.48
6/1/2013,99.2221,0.001854128,232.445,0.00237758,-0.969520218,-0.34
7/1/2013,98.8987,-0.003264678,232.9,0.001955539,-1.522271332,-0.01
8/1/2013,99.4897,0.005958027,233.456,0.002384446,-1.666404526,-0.12
9/1/2013,100.021,0.005326043,233.544,0.000376874,-1.802347805,-0.13
10/1/2013,99.9037,-0.001173442,233.669,0.000535088,-1.852104774,-0.04
11/1/2013,100.1582,0.002544214,234.1,0.00184279,-1.99894111,0
12/1/2013,100.374,0.002152274,234.719,0.002640679,-2.133235027,-0.16
1/1/2014,99.9899,-0.003834029,235.288,0.002421242,-2.376123278,-0.3
2/1/2014,100.7471,0.007544235,235.547,0.001100173,-2.54228501,-0.21
3/1/2014,101.7435,0.009841524,236.028,0.002039973,-2.624386887,-0.28
4/1/2014,101.8273,0.000823301,236.468,0.00186245,-2.891785821,-0.36
5/1/2014,102.2392,0.004036925,236.918,0.001901197,-2.985642686,-0.37
6/1/2014,102.5774,0.00330247,237.231,0.00132026,-2.88858154,-0.31
7/1/2014,102.7954,0.002122969,237.498,0.001124852,-2.836697391,-0.32
8/1/2014,102.6322,-0.001588881,237.46,-0.000160014,-2.89256163,-0.31
9/1/2014,102.9417,0.003011085,237.477,7.15884E-05,-2.805138911,-0.21
10/1/2014,102.9611,0.000188438,237.43,-0.000197933,-2.801709471,-0.21
11/1/2014,103.5978,0.006164847,236.983,-0.001884435,-2.768344319,0.06
12/1/2014,103.6151,0.000166978,236.252,-0.003089377,-2.420747928,0.09
1/1/2015,102.7923,-0.007972625,234.747,-0.006390693,-2.268755008,-0.03
2/1/2015,102.1366,-0.006399314,235.342,0.002531437,-1.973647789,-0.28
3/1/2015,101.7869,-0.003429721,235.976,0.00269033,-1.808445075,-0.12
4/1/2015,101.2255,-0.005530711,236.222,0.001041936,-1.594953161,0.01
5/1/2015,100.7675,-0.004534818,237.001,0.00329232,-1.433637114,0.05
6/1/2015,100.4588,-0.00306819,237.657,0.002764097,-1.402027994,0.15
7/1/2015,101.0893,0.006256591,238.034,0.001585063,-1.288219506,0.21
8/1/2015,100.9165,-0.001710842,238.033,-4.20109E-06,-0.920617426,0.4
9/1/2015,100.633,-0.002813207,237.498,-0.002250117,-0.742078595,0.53
10/1/2015,100.1563,-0.00474827,237.733,0.000988993,-0.532405066,0.42
11/1/2015,99.4366,-0.007211711,238.017,0.001193905,-0.00499965,0.5
12/1/2015,98.9471,-0.004934891,237.761,-0.001076132,0.257343933,0.68
1/1/2016,99.4391,0.004960033,237.652,-0.000458549,0.401942968,0.92
2/1/2016,98.9232,-0.005201605,237.336,-0.00133056,0.525883588,0.95
3/1/2016,98.1635,-0.007709336,238.08,0.003129893,0.506534787,0.58
4/1/2016,98.4775,0.00319364,238.992,0.003823327,0.407831709,0.23
5/1/2016,98.2549,-0.002262973,239.557,0.002361306,0.484172489,0.25
6/1/2016,98.7315,0.004838922,240.222,0.002772111,0.417986942,0.07
7/1/2016,98.8452,0.001150946,240.101,-0.000503828,0.470311804,0.01
8/1/2016,98.7427,-0.001037513,240.545,0.001847514,0.44985548,-0.02
9/1/2016,98.6552,-0.000886534,241.176,0.002619775,0.510288419,-0.07
10/1/2016,98.7237,0.000694097,241.741,0.002339948,0.522724628,-0.08
11/1/2016,98.3443,-0.003850452,242.026,0.001178253,0.4292559,-0.72
12/1/2016,99.0406,0.00705528,242.637,0.002521341,0.422156164,-0.24
1/1/2017,98.8158,-0.002272356,243.618,0.004034925,0.3791602,-0.2
2/1/2017,98.4356,-0.003854984,244.006,0.00159139,0.391065588,-0.18
3/1/2017,99.0492,0.006214169,243.892,-0.000467311,0.636018155,-0.17
4/1/2017,100.0416,0.009969403,244.193,0.001233392,0.846359595,-0.12
5/1/2017,100.128,0.000863268,244.004,-0.000774278,1.029010671,-0.17
6/1/2017,100.337,0.002085153,244.163,0.000651416,1.056183292,-0.13
7/1/2017,100.0865,-0.002499708,244.243,0.000327596,1.079669606,-0.15
8/1/2017,99.6323,-0.004548403,245.183,0.003841239,1.106300201,-0.08
9/1/2017,99.7482,0.001162601,246.435,0.005093397,1.10453559,-0.26
10/1/2017,100.9893,0.01236556,246.626,0.000774752,1.156566976,-0.22
11/1/2017,101.2493,0.002571222,247.284,0.002664455,1.283581415,-0.13
12/1/2017,101.4871,0.002345904,247.805,0.002104673,1.40846047,-0.19
1/1/2018,101.4852,-1.87218E-05,248.859,0.004244324,1.399485364,-0.39
2/1/2018,101.7319,0.002427946,249.529,0.00268867,1.546020686,-0.25
3/1/2018,102.1943,0.004534982,249.577,0.000192344,1.646319034,-0.1
4/1/2018,103.3551,0.011294729,250.227,0.002601021,1.705115737,-0.28
5/1/2018,102.381,-0.009469483,250.792,0.002255404,1.769170334,-0.19
6/1/2018,103.2256,0.008215736,251.018,0.000900739,1.890022493,0.03
7/1/2018,103.3561,0.001263423,251.214,0.000780516,1.918671457,-0.13
8/1/2018,104.0585,0.006772934,251.663,0.001785725,2.010714079,-0.1
9/1/2018,104.1038,0.000435237,252.182,0.002060158,2.165418118,-0.18
10/1/2018,103.9297,-0.001673769,252.772,0.002336848,2.29952411,0
11/1/2018,104.0126,0.000797337,252.594,-0.00070444,2.403006906,0.14
12/1/2018,104.0451,0.000312413,252.767,0.000684659,2.530868834,0.34
1/1/2019,103.3598,-0.006608354,252.561,-0.000815312,2.494002952,0.18
2/1/2019,102.8251,-0.005186618,253.319,0.00299676,2.455418962,0.06
3/1/2019,102.8361,0.000106972,254.277,0.00377466,2.40345582,-0.12
4/1/2019,102.2748,-0.00547315,255.233,0.003752629,2.408730447,-0.01
5/1/2019,102.4176,0.001395265,255.296,0.000246803,2.414468224,-0.01
6/1/2019,102.5425,0.001218774,255.213,-0.000325166,2.185719702,0.01
7/1/2019,102.0057,-0.005248653,255.802,0.002305217,2.172024415,-0.05
8/1/2019,102.7814,0.007575709,256.036,0.000914352,2.020460758,-0.15
9/1/2019,102.4601,-0.003130948,256.43,0.001537663,1.958368142,-0.23
10/1/2019,101.5878,-0.008550005,257.155,0.002823293,1.655518738,-0.22
11/1/2019,102.1494,0.005512998,257.879,0.002811467,1.638591043,-0.17
12/1/2019,101.9421,-0.002031442,258.63,0.002907986,1.608781138,-0.28
1/1/2020,101.3372,-0.005951435,259.127,0.00191982,1.628595281,-0.24
2/1/2020,101.6718,0.003296409,259.25,0.000474558,1.413811051,-0.15
