date,url,year,date,
9/29/1998,https://www.federalreserve.gov/boarddocs/press/general/1998/19980929/default.htm,1998,0929,
10/15/1998,https://www.federalreserve.gov/boarddocs/press/general/1998/19981015/,1998,1015,
11/17/1998,https://www.federalreserve.gov/boarddocs/press/general/1998/19981117/default.htm,1998,1117,
5/18/1999,https://www.federalreserve.gov/boarddocs/press/general/1999/19990518/,1999,0518,
6/30/1999,https://www.federalreserve.gov/boarddocs/press/general/1999/19990630/default.htm,1999,0630,
8/24/1999,https://www.federalreserve.gov/boarddocs/press/general/1999/19990824/default.htm,1999,0824,
10/5/1999,https://www.federalreserve.gov/boarddocs/press/general/1999/19991005/default.htm,1999,1005,
11/16/1999,https://www.federalreserve.gov/boarddocs/press/general/1999/19991116/default.htm,1999,1116,
12/21/1999,https://www.federalreserve.gov/boarddocs/press/general/1999/19991221/default.htm,1999,1221,
2/2/2000,https://www.federalreserve.gov/boarddocs/press/general/2000/20000202/,2000,0202,
3/21/2000,https://www.federalreserve.gov/boarddocs/press/general/2000/20000321/,2000,0321,
5/16/2000,https://www.federalreserve.gov/boarddocs/press/general/2000/20000516/,2000,0516,
6/28/2000,https://www.federalreserve.gov/boarddocs/press/general/2000/20000628/,2000,0628,
8/22/2000,https://www.federalreserve.gov/boarddocs/press/general/2000/20000822/,2000,0822,
10/3/2000,https://www.federalreserve.gov/boarddocs/press/general/2000/20001003/,2000,1003,
11/15/2000,https://www.federalreserve.gov/boarddocs/press/general/2000/20001115/,2000,1115,
12/19/2000,https://www.federalreserve.gov/boarddocs/press/general/2000/20001219/,2000,1219,
1/3/2001,https://www.federalreserve.gov/boarddocs/press/general/2001/20010103/,2001,0103,
1/31/2001,https://www.federalreserve.gov/boarddocs/press/general/2001/20010131/,2001,0131,
3/20/2001,https://www.federalreserve.gov/boarddocs/press/general/2001/20010320/,2001,0320,
4/18/2001,https://www.federalreserve.gov/boarddocs/press/general/2001/20010418/,2001,0418,
5/15/2001,https://www.federalreserve.gov/boarddocs/press/general/2001/20010515/,2001,0515,
6/27/2001,https://www.federalreserve.gov/boarddocs/press/general/2001/20010627/,2001,0627,
8/21/2001,https://www.federalreserve.gov/boarddocs/press/general/2001/20010821/,2001,0821,
9/17/2001,https://www.federalreserve.gov/boarddocs/press/general/2001/20010917/,2001,0917,
10/2/2001,https://www.federalreserve.gov/boarddocs/press/general/2001/20011002/,2001,1002,
11/6/2001,https://www.federalreserve.gov/boarddocs/press/general/2001/20011106/,2001,1106,
12/11/2001,https://www.federalreserve.gov/boarddocs/press/general/2001/20011211/,2001,1211,
1/30/2002,https://www.federalreserve.gov/boarddocs/press/general/2002/20020130/,2002,0130,
3/19/2002,https://www.federalreserve.gov/boarddocs/press/general/2002/20020319/,2002,0319,
5/7/2002,https://www.federalreserve.gov/boarddocs/press/general/2002/20020507/,2002,0507,
6/26/2002,https://www.federalreserve.gov/boarddocs/press/general/2002/20020626/,2002,0626,
8/13/2002,https://www.federalreserve.gov/boarddocs/press/general/2002/20020813/,2002,0813,
9/24/2002,https://www.federalreserve.gov/boarddocs/press/general/2002/20020924/,2002,0924,
11/6/2002,https://www.federalreserve.gov/boarddocs/press/general/2002/20021106/,2002,1106,
12/10/2002,https://www.federalreserve.gov/boarddocs/press/monetary/2002/20021210/,2002,1210,
1/29/2003,https://www.federalreserve.gov/boarddocs/press/monetary/2003/20030129/default.htm,2003,0129,
3/18/2003,https://www.federalreserve.gov/boarddocs/press/monetary/2003/20030318/,2003,0318,
5/6/2003,https://www.federalreserve.gov/boarddocs/press/monetary/2003/20030506/,2003,0506,
6/25/2003,https://www.federalreserve.gov/boarddocs/press/monetary/2003/20030625/,2003,0625,
8/12/2003,https://www.federalreserve.gov/boarddocs/press/monetary/2003/20030812/,2003,0812,
9/16/2003,https://www.federalreserve.gov/boarddocs/press/monetary/2003/20030916/,2003,0916,
10/28/2003,https://www.federalreserve.gov/boarddocs/press/monetary/2003/20031028/,2003,1028,
12/9/2003,https://www.federalreserve.gov/boarddocs/press/monetary/2003/20031209/,2003,1209,
1/28/2004,https://www.federalreserve.gov/boarddocs/press/monetary/2004/20040128/,2004,0128,
3/16/2004,https://www.federalreserve.gov/boarddocs/press/monetary/2004/20040316/,2004,0316,
5/4/2004,https://www.federalreserve.gov/boarddocs/press/monetary/2004/20040504/,2004,0504,
6/30/2004,https://www.federalreserve.gov/boarddocs/press/monetary/2004/20040630/,2004,0630,
8/10/2004,https://www.federalreserve.gov/boarddocs/press/monetary/2004/20040810/,2004,0810,
9/21/2004,https://www.federalreserve.gov/boarddocs/press/monetary/2004/20040921/,2004,0921,
11/10/2004,https://www.federalreserve.gov/boarddocs/press/monetary/2004/20041110/,2004,1110,
12/14/2004,https://www.federalreserve.gov/boarddocs/press/monetary/2004/20041214/,2004,1214,
2/2/2005,https://www.federalreserve.gov/boarddocs/press/monetary/2005/20050202/,2005,0202,
3/22/2005,https://www.federalreserve.gov/boarddocs/press/monetary/2005/20050322/,2005,0322,
5/3/2005,https://www.federalreserve.gov/boarddocs/press/monetary/2005/20050503/,2005,0503,
6/30/2005,https://www.federalreserve.gov/boarddocs/press/monetary/2005/20050630/,2005,0630,
8/9/2005,https://www.federalreserve.gov/boarddocs/press/monetary/2005/20050809/,2005,0809,
9/20/2005,https://www.federalreserve.gov/boarddocs/press/monetary/2005/20050920/,2005,0920,
11/1/2005,https://www.federalreserve.gov/boarddocs/press/monetary/2005/20051101/,2005,1101,
12/13/2005,https://www.federalreserve.gov/boarddocs/press/monetary/2005/20051213/,2005,1213,
1/31/2006,https://www.federalreserve.gov/newsevents/pressreleases/monetary20060131a.htm,2006,0131,
3/28/2006,https://www.federalreserve.gov/newsevents/pressreleases/monetary20060328a.htm,2006,0328,
5/10/2006,https://www.federalreserve.gov/newsevents/pressreleases/monetary20060510a.htm,2006,0510,
6/29/2006,https://www.federalreserve.gov/newsevents/pressreleases/monetary20060629a.htm,2006,0629,
8/8/2006,https://www.federalreserve.gov/newsevents/pressreleases/monetary20060808a.htm,2006,0808,
9/20/2006,https://www.federalreserve.gov/newsevents/pressreleases/monetary20060920a.htm,2006,0920,
10/25/2006,https://www.federalreserve.gov/newsevents/pressreleases/monetary20061025a.htm,2006,1025,
12/12/2006,https://www.federalreserve.gov/newsevents/pressreleases/monetary20061212a.htm,2006,1212,
1/31/2007,https://www.federalreserve.gov/newsevents/pressreleases/monetary20070131a.htm,2007,0131,
3/21/2007,https://www.federalreserve.gov/newsevents/pressreleases/monetary20070321a.htm,2007,0321,
5/9/2007,https://www.federalreserve.gov/newsevents/pressreleases/monetary20070509a.htm,2007,0509,
6/28/2007,https://www.federalreserve.gov/newsevents/pressreleases/monetary20070628a.htm,2007,0628,
8/7/2007,https://www.federalreserve.gov/newsevents/pressreleases/monetary20070807a.htm,2007,0807,
8/10/2007,https://www.federalreserve.gov/newsevents/pressreleases/monetary20070810a.htm,2007,0810,
8/16/2007,https://www.federalreserve.gov/newsevents/pressreleases/monetary20070816a.htm,2007,0816,
9/18/2007,https://www.federalreserve.gov/newsevents/pressreleases/monetary20070918a.htm,2007,0918,
10/31/2007,https://www.federalreserve.gov/newsevents/pressreleases/monetary20071031a.htm,2007,1031,
12/11/2007,https://www.federalreserve.gov/newsevents/pressreleases/monetary20071211a.htm,2007,1211,
1/21/2008,https://www.federalreserve.gov/newsevents/pressreleases/monetary20080121a.htm,2008,0121,
1/30/2008,https://www.federalreserve.gov/newsevents/pressreleases/monetary20080130a.htm,2008,0130,
3/10/2008,https://www.federalreserve.gov/newsevents/pressreleases/monetary20080310a.htm,2008,0310,
3/18/2008,https://www.federalreserve.gov/newsevents/pressreleases/monetary20080318a.htm,2008,0318,
4/30/2008,https://www.federalreserve.gov/newsevents/pressreleases/monetary20080430a.htm,2008,0430,
6/25/2008,https://www.federalreserve.gov/newsevents/pressreleases/monetary20080625a.htm,2008,0625,
8/5/2008,https://www.federalreserve.gov/newsevents/pressreleases/monetary20080805a.htm,2008,0805,
9/16/2008,https://www.federalreserve.gov/newsevents/pressreleases/monetary20080916a.htm,2008,0916,
10/7/2008,https://www.federalreserve.gov/newsevents/pressreleases/monetary20081007a.htm,2008,1007,
10/29/2008,https://www.federalreserve.gov/newsevents/pressreleases/monetary20081029a.htm,2008,1029,
12/16/2008,https://www.federalreserve.gov/newsevents/pressreleases/monetary20081216b.htm,2008,1216,
1/28/2009,https://www.federalreserve.gov/newsevents/pressreleases/monetary20090128a.htm,2009,0128,
3/18/2009,https://www.federalreserve.gov/newsevents/pressreleases/monetary20090318a.htm,2009,0318,
4/29/2009,https://www.federalreserve.gov/newsevents/pressreleases/monetary20090429a.htm,2009,0429,
6/24/2009,https://www.federalreserve.gov/newsevents/pressreleases/monetary20090624a.htm,2009,0624,
8/12/2009,https://www.federalreserve.gov/newsevents/pressreleases/monetary20090812a.htm,2009,0812,
9/23/2009,https://www.federalreserve.gov/newsevents/pressreleases/monetary20090923a.htm,2009,0923,
11/4/2009,https://www.federalreserve.gov/newsevents/pressreleases/monetary20091104a.htm,2009,1104,
12/16/2009,https://www.federalreserve.gov/newsevents/pressreleases/monetary20091216a.htm,2009,1216,
1/27/2010,https://www.federalreserve.gov/newsevents/pressreleases/monetary20100127a.htm,2010,0127,
3/16/2010,https://www.federalreserve.gov/newsevents/pressreleases/monetary20100316a.htm,2010,0316,
4/28/2010,https://www.federalreserve.gov/newsevents/pressreleases/monetary20100428a.htm,2010,0428,
5/9/2010,https://www.federalreserve.gov/newsevents/pressreleases/monetary20100509a.htm,2010,0509,
6/23/2010,https://www.federalreserve.gov/newsevents/pressreleases/monetary20100623a.htm,2010,0623,
8/10/2010,https://www.federalreserve.gov/newsevents/pressreleases/monetary20100810a.htm,2010,0810,
9/21/2010,https://www.federalreserve.gov/newsevents/pressreleases/monetary20100921a.htm,2010,0921,
11/3/2010,https://www.federalreserve.gov/newsevents/pressreleases/monetary20101103a.htm,2010,1103,
12/14/2010,https://www.federalreserve.gov/newsevents/pressreleases/monetary20101214a.htm,2010,1214,
1/26/2011,https://www.federalreserve.gov/newsevents/pressreleases/monetary20110126a.htm,2011,0126,
3/15/2011,https://www.federalreserve.gov/newsevents/pressreleases/monetary20110315a.htm,2011,0315,
4/27/2011,https://www.federalreserve.gov/newsevents/pressreleases/monetary20110427a.htm,2011,0427,
6/22/2011,https://www.federalreserve.gov/newsevents/pressreleases/monetary20110622a.htm,2011,0622,
8/9/2011,https://www.federalreserve.gov/newsevents/pressreleases/monetary20110809a.htm,2011,0809,
9/21/2011,https://www.federalreserve.gov/newsevents/pressreleases/monetary20110921a.htm,2011,0921,
11/2/2011,https://www.federalreserve.gov/newsevents/pressreleases/monetary20111102a.htm,2011,1102,
12/13/2011,https://www.federalreserve.gov/newsevents/pressreleases/monetary20111213a.htm,2011,1213,
1/25/2012,https://www.federalreserve.gov/newsevents/pressreleases/monetary20120125a.htm,2012,0125,
3/13/2012,https://www.federalreserve.gov/newsevents/pressreleases/monetary20120313a.htm,2012,0313,
4/25/2012,https://www.federalreserve.gov/newsevents/pressreleases/monetary20120425a.htm,2012,0425,
6/20/2012,https://www.federalreserve.gov/newsevents/pressreleases/monetary20120620a.htm,2012,0620,
8/1/2012,https://www.federalreserve.gov/newsevents/pressreleases/monetary20120801a.htm,2012,0801,
9/13/2012,https://www.federalreserve.gov/newsevents/pressreleases/monetary20120913a.htm,2012,0913,
10/24/2012,https://www.federalreserve.gov/newsevents/pressreleases/monetary20121024a.htm,2012,1024,
12/12/2012,https://www.federalreserve.gov/newsevents/pressreleases/monetary20121212a.htm,2012,1212,
1/30/2013,https://www.federalreserve.gov/newsevents/pressreleases/monetary20130130a.htm,2013,0130,
3/20/2013,https://www.federalreserve.gov/newsevents/pressreleases/monetary20130320a.htm,2013,0320,
5/1/2013,https://www.federalreserve.gov/newsevents/pressreleases/monetary20130501a.htm,2013,0501,
6/19/2013,https://www.federalreserve.gov/newsevents/pressreleases/monetary20130619a.htm,2013,0619,
7/31/2013,https://www.federalreserve.gov/newsevents/pressreleases/monetary20130731a.htm,2013,0731,
9/18/2013,https://www.federalreserve.gov/newsevents/pressreleases/monetary20130918a.htm,2013,0918,
10/30/2013,https://www.federalreserve.gov/newsevents/pressreleases/monetary20131030a.htm,2013,1030,
12/18/2013,https://www.federalreserve.gov/newsevents/pressreleases/monetary20131218a.htm,2013,1218,
1/29/2014,https://www.federalreserve.gov/newsevents/pressreleases/monetary20140129a.htm,2014,0129,
3/19/2014,https://www.federalreserve.gov/newsevents/pressreleases/monetary20140319a.htm,2014,0319,
4/30/2014,https://www.federalreserve.gov/newsevents/pressreleases/monetary20140430a.htm,2014,0430,
6/18/2014,https://www.federalreserve.gov/newsevents/pressreleases/monetary20140618a.htm,2014,0618,
7/30/2014,https://www.federalreserve.gov/newsevents/pressreleases/monetary20140730a.htm,2014,0730,
9/17/2014,https://www.federalreserve.gov/newsevents/pressreleases/monetary20140917a.htm,2014,0917,
10/29/2014,https://www.federalreserve.gov/newsevents/pressreleases/monetary20141029a.htm,2014,1029,
12/17/2014,https://www.federalreserve.gov/newsevents/pressreleases/monetary20141217a.htm,2014,1217,
1/28/2015,https://www.federalreserve.gov/newsevents/pressreleases/monetary20150128a.htm,2015,0128,
3/18/2015,https://www.federalreserve.gov/newsevents/pressreleases/monetary20150318a.htm,2015,0318,
4/29/2015,https://www.federalreserve.gov/newsevents/pressreleases/monetary20150429a.htm,2015,0429,
6/17/2015,https://www.federalreserve.gov/newsevents/pressreleases/monetary20150617a.htm,2015,0617,
7/29/2015,https://www.federalreserve.gov/newsevents/pressreleases/monetary20150729a.htm,2015,0729,
9/17/2015,https://www.federalreserve.gov/newsevents/pressreleases/monetary20150917a.htm,2015,0917,
10/28/2015,https://www.federalreserve.gov/newsevents/pressreleases/monetary20151028a.htm,2015,1028,
12/16/2015,https://www.federalreserve.gov/newsevents/pressreleases/monetary20151216a.htm,2015,1216,
1/27/2016,https://www.federalreserve.gov/newsevents/pressreleases/monetary20160127a.htm,2016,0127,
3/16/2016,https://www.federalreserve.gov/newsevents/pressreleases/monetary20160316a.htm,2016,0316,
4/27/2016,https://www.federalreserve.gov/newsevents/pressreleases/monetary20160427a.htm,2016,0427,
6/15/2016,https://www.federalreserve.gov/newsevents/pressreleases/monetary20160615a.htm,2016,0615,
7/27/2016,https://www.federalreserve.gov/newsevents/pressreleases/monetary20160727a.htm,2016,0727,
9/21/2016,https://www.federalreserve.gov/newsevents/pressreleases/monetary20160921a.htm,2016,0921,
11/2/2016,https://www.federalreserve.gov/newsevents/pressreleases/monetary20161102a.htm,2016,1102,
12/14/2016,https://www.federalreserve.gov/newsevents/pressreleases/monetary20161214a.htm,2016,1214,
2/1/2017,https://www.federalreserve.gov/newsevents/pressreleases/monetary20170201a.htm,2017,0201,
3/15/2017,https://www.federalreserve.gov/newsevents/pressreleases/monetary20170315a.htm,2017,0315,
5/3/2017,https://www.federalreserve.gov/newsevents/pressreleases/monetary20170503a.htm,2017,0503,
6/14/2017,https://www.federalreserve.gov/newsevents/pressreleases/monetary20170614a.htm,2017,0614,
7/26/2017,https://www.federalreserve.gov/newsevents/pressreleases/monetary20170726a.htm,2017,0726,
9/20/2017,https://www.federalreserve.gov/newsevents/pressreleases/monetary20170920a.htm,2017,0920,
11/1/2017,https://www.federalreserve.gov/newsevents/pressreleases/monetary20171101a.htm,2017,1101,
12/13/2017,https://www.federalreserve.gov/newsevents/pressreleases/monetary20171213a.htm,2017,1213,
1/31/2018,https://www.federalreserve.gov/newsevents/pressreleases/monetary20180131a.htm,2018,0131,
3/21/2018,https://www.federalreserve.gov/newsevents/pressreleases/monetary20180321a.htm,2018,0321,
5/2/2018,https://www.federalreserve.gov/newsevents/pressreleases/monetary20180502a.htm,2018,0502,
6/13/2018,https://www.federalreserve.gov/newsevents/pressreleases/monetary20180613a.htm,2018,0613,
8/1/2018,https://www.federalreserve.gov/newsevents/pressreleases/monetary20180801a.htm,2018,0801,
9/26/2018,https://www.federalreserve.gov/newsevents/pressreleases/monetary20180926a.htm,2018,0926,
11/8/2018,https://www.federalreserve.gov/newsevents/pressreleases/monetary20181108a.htm,2018,1108,
12/19/2018,https://www.federalreserve.gov/newsevents/pressreleases/monetary20181219a.htm,2018,1219,
1/30/2019,https://www.federalreserve.gov/newsevents/pressreleases/monetary20190130a.htm,2019,0130,
3/20/2019,https://www.federalreserve.gov/newsevents/pressreleases/monetary20190320a.htm,2019,0320,
5/1/2019,https://www.federalreserve.gov/newsevents/pressreleases/monetary20190501a.htm,2019,0501,
6/19/2019,https://www.federalreserve.gov/newsevents/pressreleases/monetary20190619a.htm,2019,0619,
7/31/2019,https://www.federalreserve.gov/newsevents/pressreleases/monetary20190731a.htm,2019,0731,
9/18/2019,https://www.federalreserve.gov/newsevents/pressreleases/monetary20190918a.htm,2019,0918,
10/4/2019,https://www.federalreserve.gov/newsevents/pressreleases/monetary20191011a.htm,2019,1004,unscheduled
10/30/2019,https://www.federalreserve.gov/newsevents/pressreleases/monetary20191030a.htm,2019,1030,
12/11/2019,https://www.federalreserve.gov/newsevents/pressreleases/monetary20191211a.htm,2019,1211,
1/29/2020,https://www.federalreserve.gov/newsevents/pressreleases/monetary20200129a.htm,2020,0129,
3/3/2020,https://www.federalreserve.gov/newsevents/pressreleases/monetary20200303a.htm,2020,0303,unscheduled
3/15/2020,https://www.federalreserve.gov/newsevents/pressreleases/monetary20200315a.htm,2020,0315,unscheduled
3/23/2020,https://www.federalreserve.gov/newsevents/pressreleases/monetary20200323a.htm,2020,0323,
4/29/2020,https://www.federalreserve.gov/newsevents/pressreleases/monetary20200429a.htm,2020,0429,
6/10/2020,https://www.federalreserve.gov/newsevents/pressreleases/monetary20200610a.htm,2020,0610,
7/29/2020,https://www.federalreserve.gov/newsevents/pressreleases/monetary20200729a.htm,2020,0729,
9/16/2020,https://www.federalreserve.gov/newsevents/pressreleases/monetary20200916a.htm,2020,0916,
11/5/2020,https://www.federalreserve.gov/newsevents/pressreleases/monetary20201105a.htm,2020,1105,
12/16/2020,https://www.federalreserve.gov/newsevents/pressreleases/monetary20201216a.htm,2020,1216,
